{
    "type": "bundle",
    "id": "bundle--de501e72-ae2e-4716-a108-56ddd7c6c310",
    "spec_version": "2.0",
    "objects": [
        {
            "type": "attack-pattern",
            "id": "attack-pattern--4be89c7c-ace6-4876-9377-c8d54cef3d63",
            "created_by_ref": "identity--c78cb6e5-0c4b-4611-8297-d1b8b55e40b5",
            "created": "2017-05-31T21:30:50.958Z",
            "modified": "2017-12-14T16:55:59.600Z",
            "name": "Hypervisor",
            "description": "A type-1 hypervisor is a software layer that sits between the guest operating systems and system's hardware. (Citation: Wikipedia Hypervisor) It presents a virtual running environment to an operating system. An example of a common hypervisor is Xen. (Citation: Wikipedia Xen) A type-1 hypervisor operates at a level below the operating system and could be designed with Rootkit functionality to hide its existence from the guest operating system. (Citation: Myers 2007) A malicious hypervisor of this nature could be used to persist on systems through interruption.\n\nDetection: Type-1 hypervisors may be detected by performing timing analysis. Hypervisors emulate certain CPU instructions that would normally be executed by the hardware. If an instruction takes orders of magnitude longer to execute than normal on a system that should not contain a hypervisor, one may be present. (Citation: virtualization.info 2006)\n\nPlatforms: Windows Server 2003, Windows Server 2008, Windows Server 2012, Windows XP, Windows 7, Windows 8, Windows Server 2003 R2, Windows Server 2008 R2, Windows Server 2012 R2, Windows Vista, Windows 8.1, Windows 10\n\nData Sources: System calls\n\nPermissions Required: Administrator, SYSTEM",
            "kill_chain_phases": [
                {
                    "kill_chain_name": "mitre-attack",
                    "phase_name": "persistence"
                }
            ],
            "external_references": [
                {
                    "source_name": "mitre-attack",
                    "url": "https://attack.mitre.org/wiki/Technique/T1062",
                    "external_id": "T1062"
                },
                {
                    "source_name": "Wikipedia Hypervisor",
                    "description": "Wikipedia. (2016, May 23). Hypervisor. Retrieved June 11, 2016.",
                    "url": "https://en.wikipedia.org/wiki/Hypervisor"
                },
                {
                    "source_name": "Wikipedia Xen",
                    "description": "Xen. (n.d.). In Wikipedia. Retrieved November 13, 2014.",
                    "url": "http://en.wikipedia.org/wiki/Xen"
                },
                {
                    "source_name": "Myers 2007",
                    "description": "Myers, M., and Youndt, S. (2007). An Introduction to Hardware-Assisted Virtual Machine (HVM) Rootkits. Retrieved November 13, 2014.",
                    "url": "http://citeseerx.ist.psu.edu/viewdoc/download?doi=10.1.1.90.8832&rep=rep1&type=pdf"
                },
                {
                    "source_name": "virtualization.info 2006",
                    "description": "virtualization.info. (Interviewer) & Liguori, A. (Interviewee). (2006, August 11). Debunking Blue Pill myth &#91;Interview transcript&#93;. Retrieved November 13, 2014.",
                    "url": "http://virtualization.info/en/news/2006/08/debunking-blue-pill-myth.html"
                }
            ],
            "object_marking_refs": [
                "marking-definition--fa42a846-8d90-4e51-bc29-71d5b4802168"
            ],
            "x_mitre_data_sources": [
                "System calls"
            ],
            "x_mitre_permissions_required": [
                "Administrator",
                "SYSTEM"
            ],
            "x_mitre_platforms": [
                "Windows Server 2003",
                "Windows Server 2008",
                "Windows Server 2012",
                "Windows XP",
                "Windows 7",
                "Windows 8",
                "Windows Server 2003 R2",
                "Windows Server 2008 R2",
                "Windows Server 2012 R2",
                "Windows Vista",
                "Windows 8.1",
                "Windows 10"
            ]
        }
    ]
}