{
    "type": "bundle",
    "id": "bundle--cd87ad36-c729-418d-9c65-6a08fd5823d6",
    "spec_version": "2.0",
    "objects": [
        {
            "type": "attack-pattern",
            "id": "attack-pattern--086952c4-5b90-4185-b573-02bad8e11953",
            "created_by_ref": "identity--c78cb6e5-0c4b-4611-8297-d1b8b55e40b5",
            "created": "2017-12-14T16:46:06.044Z",
            "modified": "2017-12-14T16:55:59.600Z",
            "name": "HISTCONTROL",
            "description": "The <code>HISTCONTROL</code> environment variable keeps track of what should be saved by the <code>history</code> command and eventually into the <code>~/.bash_history</code> file when a user logs out. This setting can be configured to ignore commands that start with a space by simply setting it to \"ignorespace\". <code>HISTCONTROL</code> can also be set to ignore duplicate commands by setting it to \"ignoredups\". In some Linux systems, this is set by default to \"ignoreboth\" which covers both of the previous examples. This means that \u201c ls\u201d will not be saved, but \u201cls\u201d would be saved by history. <code>HISTCONTROL</code> does not exist by default on macOS, but can be set by the user and will be respected. Adversaries can use this to operate without leaving traces by simply prepending a space to all of their terminal commands.\n\nDetection: Correlating a user session with a distinct lack of new commands in their <code>.bash_history</code> can be a clue to suspicious behavior. Additionally, users checking or changing their <code>HISTCONTROL</code> environment variable is also suspicious.\n\nPlatforms: Linux, MacOS, OS X\n\nData Sources: Process Monitoring, Authentication logs, File monitoring, Environment variable\n\nDefense Bypassed: Log analysis, Host forensic analysis\n\nPermissions Required: User",
            "kill_chain_phases": [
                {
                    "kill_chain_name": "mitre-attack",
                    "phase_name": "defense-evasion"
                }
            ],
            "external_references": [
                {
                    "source_name": "mitre-attack",
                    "url": "https://attack.mitre.org/wiki/Technique/T1148",
                    "external_id": "T1148"
                }
            ],
            "object_marking_refs": [
                "marking-definition--fa42a846-8d90-4e51-bc29-71d5b4802168"
            ],
            "x_mitre_data_sources": [
                "Process Monitoring",
                "Authentication logs",
                "File monitoring",
                "Environment variable"
            ],
            "x_mitre_defense_bypassed": [
                "Log analysis",
                "Host forensic analysis"
            ],
            "x_mitre_permissions_required": [
                "User"
            ],
            "x_mitre_platforms": [
                "Linux",
                "MacOS",
                "OS X"
            ]
        }
    ]
}