{
    "type": "bundle",
    "id": "bundle--778f1b4f-f34b-45ec-98d5-ee5941b3a0b5",
    "spec_version": "2.0",
    "objects": [
        {
            "type": "attack-pattern",
            "id": "attack-pattern--391d824f-0ef1-47a0-b0ee-c59a75e27670",
            "created_by_ref": "identity--c78cb6e5-0c4b-4611-8297-d1b8b55e40b5",
            "created": "2017-05-31T21:31:17.472Z",
            "modified": "2017-12-14T16:55:59.600Z",
            "name": "Execution through API",
            "description": "Adversary tools may directly use the Windows application programming interface (API) to execute binaries. Functions such as the Windows API CreateProcess will allow programs and scripts to start other processes with proper path and argument parameters. (Citation: Microsoft CreateProcess)\n\nAdditional Windows API calls that can be used to execute binaries include: (Citation: Kanthak Verifier)\n\n*CreateProcessA() and CreateProcessW(),\n*CreateProcessAsUserA() and CreateProcessAsUserW(),\n*CreateProcessInternalA() and CreateProcessInternalW(),\n*CreateProcessWithLogonW(), CreateProcessWithTokenW(),\n*LoadLibraryA() and LoadLibraryW(),\n*LoadLibraryExA() and LoadLibraryExW(),\n*LoadModule(),\n*LoadPackagedLibrary(),\n*WinExec(),\n*ShellExecuteA() and ShellExecuteW(),\n*ShellExecuteExA() and ShellExecuteExW()\n\nDetection: Monitoring API calls may generate a significant amount of data and may not be directly useful for defense unless collected under specific circumstances, since benign use of Windows API functions such as CreateProcess are common and difficult to distinguish from malicious behavior. Correlation of other events with behavior surrounding API function calls using API monitoring will provide additional context to an event that may assist in determining if it is due to malicious behavior. Correlation of activity by process lineage by process ID may be sufficient.\n\nPlatforms: Windows Server 2003, Windows Server 2008, Windows Server 2012, Windows XP, Windows 7, Windows 8, Windows Server 2003 R2, Windows Server 2008 R2, Windows Server 2012 R2, Windows Vista, Windows 8.1, Windows 10\n\nData Sources: API monitoring, Process monitoring\n\nPermissions Required: User, Administrator, SYSTEM\n\nRemote Support: No\n\nContributors: Stefan Kanthak",
            "kill_chain_phases": [
                {
                    "kill_chain_name": "mitre-attack",
                    "phase_name": "execution"
                }
            ],
            "external_references": [
                {
                    "source_name": "mitre-attack",
                    "url": "https://attack.mitre.org/wiki/Technique/T1106",
                    "external_id": "T1106"
                },
                {
                    "source_name": "Microsoft CreateProcess",
                    "description": "Microsoft. (n.d.). CreateProcess function. Retrieved December 5, 2014.",
                    "url": "http://msdn.microsoft.com/en-us/library/ms682425"
                },
                {
                    "source_name": "Kanthak Verifier",
                    "description": "Kanthak, S. (2017). Application Verifier Provider. Retrieved February 13, 2017.",
                    "url": "https://skanthak.homepage.t-online.de/verifier.html"
                }
            ],
            "object_marking_refs": [
                "marking-definition--fa42a846-8d90-4e51-bc29-71d5b4802168"
            ],
            "x_mitre_contributors": [
                "Stefan Kanthak"
            ],
            "x_mitre_data_sources": [
                "API monitoring",
                "Process monitoring"
            ],
            "x_mitre_permissions_required": [
                "User",
                "Administrator",
                "SYSTEM"
            ],
            "x_mitre_platforms": [
                "Windows Server 2003",
                "Windows Server 2008",
                "Windows Server 2012",
                "Windows XP",
                "Windows 7",
                "Windows 8",
                "Windows Server 2003 R2",
                "Windows Server 2008 R2",
                "Windows Server 2012 R2",
                "Windows Vista",
                "Windows 8.1",
                "Windows 10"
            ],
            "x_mitre_remote_support": false
        }
    ]
}