{
    "type": "bundle",
    "id": "bundle--fc06dfee-4dd1-4924-8f34-8f38ec70a1bb",
    "spec_version": "2.0",
    "objects": [
        {
            "type": "attack-pattern",
            "id": "attack-pattern--1b84d551-6de8-4b96-9930-d177677c3b1d",
            "created_by_ref": "identity--c78cb6e5-0c4b-4611-8297-d1b8b55e40b5",
            "created": "2017-05-31T21:31:26.474Z",
            "modified": "2017-12-14T16:55:59.600Z",
            "name": "Code Signing",
            "description": "Code signing provides a level of authenticity on a binary from the developer and a guarantee that the binary has not been tampered with. (Citation: Wikipedia Code Signing) However, adversaries are known to use code signing certificates to masquerade malware and tools as legitimate binaries (Citation: Janicab). The certificates used during an operation may be created, forged, or stolen by the adversary. (Citation: Securelist Digital Certificates) (Citation: Symantec Digital Certificates)\n\nCode signing to verify software on first run can be used on modern Windows and MacOS/OS X systems. It is not used on Linux due to the decentralized nature of the platform. (Citation: Wikipedia Code Signing)\n\nCode signing certificates may be used to bypass security policies that require signed code to execute on a system.\n\nDetection: Collect and analyze signing certificate metadata on software that executes within the environment to look for unusual certificate characteristics and outliers.\n\nPlatforms: MacOS, OS X, Windows 10, Windows 7, Windows 8, Windows 8.1, Windows Server 2003, Windows Server 2003 R2, Windows Server 2008, Windows Server 2008 R2, Windows Server 2012, Windows Server 2012 R2, Windows Vista, Windows XP\n\nData Sources: Binary file metadata\n\nDefense Bypassed: Windows User Account Control",
            "kill_chain_phases": [
                {
                    "kill_chain_name": "mitre-attack",
                    "phase_name": "defense-evasion"
                }
            ],
            "external_references": [
                {
                    "source_name": "mitre-attack",
                    "url": "https://attack.mitre.org/wiki/Technique/T1116",
                    "external_id": "T1116"
                },
                {
                    "source_name": "Wikipedia Code Signing",
                    "description": "Wikipedia. (2015, November 10). Code Signing. Retrieved March 31, 2016.",
                    "url": "https://en.wikipedia.org/wiki/Code%20signing"
                },
                {
                    "source_name": "Janicab",
                    "description": "Thomas. (2013, July 15). New signed malware called Janicab. Retrieved July 17, 2017.",
                    "url": "http://www.thesafemac.com/new-signed-malware-called-janicab/"
                },
                {
                    "source_name": "Securelist Digital Certificates",
                    "description": "Ladikov, A. (2015, January 29). Why You Shouldn\u2019t Completely Trust Files Signed with Digital Certificates. Retrieved March 31, 2016.",
                    "url": "https://securelist.com/blog/security-policies/68593/why-you-shouldnt-completely-trust-files-signed-with-digital-certificates/"
                },
                {
                    "source_name": "Symantec Digital Certificates",
                    "description": "Shinotsuka, H. (2013, February 22). How Attackers Steal Private Keys from Digital Certificates. Retrieved March 31, 2016.",
                    "url": "http://www.symantec.com/connect/blogs/how-attackers-steal-private-keys-digital-certificates"
                }
            ],
            "object_marking_refs": [
                "marking-definition--fa42a846-8d90-4e51-bc29-71d5b4802168"
            ],
            "x_mitre_data_sources": [
                "Binary file metadata"
            ],
            "x_mitre_defense_bypassed": [
                "Windows User Account Control"
            ],
            "x_mitre_platforms": [
                "MacOS",
                "OS X",
                "Windows 10",
                "Windows 7",
                "Windows 8",
                "Windows 8.1",
                "Windows Server 2003",
                "Windows Server 2003 R2",
                "Windows Server 2008",
                "Windows Server 2008 R2",
                "Windows Server 2012",
                "Windows Server 2012 R2",
                "Windows Vista",
                "Windows XP"
            ]
        }
    ]
}