{
    "type": "bundle",
    "id": "bundle--5a9538fe-bf11-4513-b884-2bd5fb2abddc",
    "spec_version": "2.0",
    "objects": [
        {
            "type": "attack-pattern",
            "id": "attack-pattern--0c8ab3eb-df48-4b9c-ace7-beacaac81cc5",
            "created_by_ref": "identity--c78cb6e5-0c4b-4611-8297-d1b8b55e40b5",
            "created": "2017-05-31T21:30:20.934Z",
            "modified": "2017-12-14T16:55:59.600Z",
            "name": "File System Logical Offsets",
            "description": "Windows allows programs to have direct access to logical volumes. Programs with direct access may read and write files directly from the drive by analyzing file system data structures. This technique bypasses Windows file access controls as well as file system monitoring tools. (Citation: Hakobyan 2009)\n\nUtilities, such as NinjaCopy, exist to perform these actions in PowerShell. (Citation: Github PowerSploit Ninjacopy)\n\nDetection: Monitor handle opens on drive volumes that are made by processes to determine when they may directly access logical drives. (Citation: Github PowerSploit Ninjacopy)\n\nMonitor processes and command-line arguments for actions that could be taken to copy files from the logical drive and evade common file system protections. Since this technique may also be used through PowerShell, additional logging of PowerShell scripts is recommended.\n\nPlatforms: Windows Server 2003, Windows Server 2008, Windows Server 2012, Windows XP, Windows 7, Windows 8, Windows Server 2003 R2, Windows Server 2008 R2, Windows Server 2012 R2, Windows Vista, Windows 8.1, Windows 10\n\nData Sources: API monitoring\n\nDefense Bypassed: File monitoring, File system access controls\n\nPermissions Required: Administrator",
            "kill_chain_phases": [
                {
                    "kill_chain_name": "mitre-attack",
                    "phase_name": "defense-evasion"
                }
            ],
            "external_references": [
                {
                    "source_name": "mitre-attack",
                    "url": "https://attack.mitre.org/wiki/Technique/T1006",
                    "external_id": "T1006"
                },
                {
                    "source_name": "Hakobyan 2009",
                    "description": "Hakobyan, A. (2009, January 8). FDump - Dumping File Sectors Directly from Disk using Logical Offsets. Retrieved November 12, 2014.",
                    "url": "http://www.codeproject.com/Articles/32169/FDump-Dumping-File-Sectors-Directly-from-Disk-usin"
                },
                {
                    "source_name": "Github PowerSploit Ninjacopy",
                    "description": "Bialek, J. (2015, December 16). Invoke-NinjaCopy.ps1. Retrieved June 2, 2016.",
                    "url": "https://github.com/PowerShellMafia/PowerSploit/blob/master/Exfiltration/Invoke-NinjaCopy.ps1"
                }
            ],
            "object_marking_refs": [
                "marking-definition--fa42a846-8d90-4e51-bc29-71d5b4802168"
            ],
            "x_mitre_data_sources": [
                "API monitoring"
            ],
            "x_mitre_defense_bypassed": [
                "File monitoring",
                "File system access controls"
            ],
            "x_mitre_permissions_required": [
                "Administrator"
            ],
            "x_mitre_platforms": [
                "Windows Server 2003",
                "Windows Server 2008",
                "Windows Server 2012",
                "Windows XP",
                "Windows 7",
                "Windows 8",
                "Windows Server 2003 R2",
                "Windows Server 2008 R2",
                "Windows Server 2012 R2",
                "Windows Vista",
                "Windows 8.1",
                "Windows 10"
            ]
        }
    ]
}