{
    "type": "bundle",
    "id": "bundle--6cae353a-c1b7-4784-ae68-213c425a8e3c",
    "spec_version": "2.0",
    "objects": [
        {
            "type": "attack-pattern",
            "id": "attack-pattern--1c338d0f-a65e-4073-a5c1-c06878849f21",
            "created_by_ref": "identity--c78cb6e5-0c4b-4611-8297-d1b8b55e40b5",
            "created": "2017-05-31T21:31:09.815Z",
            "modified": "2017-12-14T16:55:59.600Z",
            "name": "Process Hollowing",
            "description": "Process hollowing occurs when a process is created in a suspended state and the process's memory is replaced with the code of a second program so that the second program runs instead of the original program. Windows and process monitoring tools believe the original process is running, whereas the actual program running is different. (Citation: Leitch Hollowing)\n\nProcess hollowing may be used similarly to DLL Injection to evade defenses and detection analysis of malicious process execution by launching adversary-controlled code under the context of a legitimate process.\n\nDetection: Monitoring API calls may generate a significant amount of data and may not be directly useful for defense unless collected under specific circumstances for known bad sequences of calls, since benign use of API functions may be common and difficult to distinguish from malicious behavior.\n\nAnalyze process behavior to determine if a process is performing actions it usually does not, such as opening network connections, reading files, or other suspicious actions that could relate to post-compromise behavior.\n\nPlatforms: Windows Server 2003, Windows Server 2008, Windows Server 2012, Windows XP, Windows 7, Windows 8, Windows Server 2003 R2, Windows Server 2008 R2, Windows Server 2012 R2, Windows Vista, Windows 8.1, Windows 10\n\nData Sources: Process monitoring, API monitoring\n\nDefense Bypassed: Process whitelisting, Anti-virus, Whitelisting by file name or path, Signature-based detection\n\nPermissions Required: User\n\nRemote Support: No",
            "kill_chain_phases": [
                {
                    "kill_chain_name": "mitre-attack",
                    "phase_name": "defense-evasion"
                },
                {
                    "kill_chain_name": "mitre-attack",
                    "phase_name": "execution"
                }
            ],
            "external_references": [
                {
                    "source_name": "mitre-attack",
                    "url": "https://attack.mitre.org/wiki/Technique/T1093",
                    "external_id": "T1093"
                },
                {
                    "source_name": "Leitch Hollowing",
                    "description": "Leitch, J. (n.d.). Process Hollowing. Retrieved November 12, 2014.",
                    "url": "http://www.autosectools.com/process-hollowing.pdf"
                }
            ],
            "object_marking_refs": [
                "marking-definition--fa42a846-8d90-4e51-bc29-71d5b4802168"
            ],
            "x_mitre_data_sources": [
                "Process monitoring",
                "API monitoring"
            ],
            "x_mitre_defense_bypassed": [
                "Process whitelisting",
                "Anti-virus",
                "Whitelisting by file name or path",
                "Signature-based detection"
            ],
            "x_mitre_permissions_required": [
                "User"
            ],
            "x_mitre_platforms": [
                "Windows Server 2003",
                "Windows Server 2008",
                "Windows Server 2012",
                "Windows XP",
                "Windows 7",
                "Windows 8",
                "Windows Server 2003 R2",
                "Windows Server 2008 R2",
                "Windows Server 2012 R2",
                "Windows Vista",
                "Windows 8.1",
                "Windows 10"
            ],
            "x_mitre_remote_support": false
        }
    ]
}