{
    "type": "bundle",
    "id": "bundle--78c5fa0d-a506-4549-8c49-de0d8b7feaba",
    "spec_version": "2.0",
    "objects": [
        {
            "type": "attack-pattern",
            "id": "attack-pattern--52d40641-c480-4ad5-81a3-c80ccaddf82d",
            "created_by_ref": "identity--c78cb6e5-0c4b-4611-8297-d1b8b55e40b5",
            "created": "2017-05-31T21:31:43.135Z",
            "modified": "2017-12-14T16:55:59.600Z",
            "name": "Authentication Package",
            "description": "Windows Authentication Package DLLs are loaded by the Local Security Authority (LSA) process at system start. They provide support for multiple logon processes and multiple security protocols to the operating system. (Citation: MSDN Authentication Packages)\n\nAdversaries can use the autostart mechanism provided by LSA Authentication Packages for persistence by placing a reference to a binary in the Windows Registry location <code>HKLM\\SYSTEM\\CurrentControlSet\\Control\\Lsa\\</code> with the key value of <code>\"Authentication Packages\"=<target binary></code>. The binary will then be executed by the system when the authentication packages are loaded.\n\nDetection: Monitor the Registry for changes to the LSA Registry keys. Monitor the LSA process for DLL loads. Windows 8.1 and Windows Server 2012 R2 may generate events when unsigned DLLs try to load into the LSA by setting the Registry key <code>HKLM\\SOFTWARE\\Microsoft\\Windows NT\\CurrentVersion\\Image File Execution Options\\LSASS.exe</code> with AuditLevel = 8. (Citation: Graeber 2014) (Citation: Microsoft Configure LSA)\n\nPlatforms: Windows Server 2003, Windows Server 2008, Windows Server 2012, Windows XP, Windows 7, Windows 8, Windows Server 2003 R2, Windows Server 2008 R2, Windows Server 2012 R2, Windows Vista, Windows 8.1, Windows 10\n\nData Sources: DLL monitoring, Windows Registry, Loaded DLLs\n\nPermissions Required: Administrator",
            "kill_chain_phases": [
                {
                    "kill_chain_name": "mitre-attack",
                    "phase_name": "persistence"
                }
            ],
            "external_references": [
                {
                    "source_name": "mitre-attack",
                    "url": "https://attack.mitre.org/wiki/Technique/T1131",
                    "external_id": "T1131"
                },
                {
                    "source_name": "MSDN Authentication Packages",
                    "description": "Microsoft. (n.d.). Authentication Packages. Retrieved March 1, 2017.",
                    "url": "https://msdn.microsoft.com/library/windows/desktop/aa374733.aspx"
                },
                {
                    "source_name": "Graeber 2014",
                    "description": "Graeber, M. (2014, October). Analysis of Malicious Security Support Provider DLLs. Retrieved March 1, 2017.",
                    "url": "http://docplayer.net/20839173-Analysis-of-malicious-security-support-provider-dlls.html"
                },
                {
                    "source_name": "Microsoft Configure LSA",
                    "description": "Microsoft. (2013, July 31). Configuring Additional LSA Protection. Retrieved June 24, 2015.",
                    "url": "https://technet.microsoft.com/en-us/library/dn408187.aspx"
                }
            ],
            "object_marking_refs": [
                "marking-definition--fa42a846-8d90-4e51-bc29-71d5b4802168"
            ],
            "x_mitre_data_sources": [
                "DLL monitoring",
                "Windows Registry",
                "Loaded DLLs"
            ],
            "x_mitre_permissions_required": [
                "Administrator"
            ],
            "x_mitre_platforms": [
                "Windows Server 2003",
                "Windows Server 2008",
                "Windows Server 2012",
                "Windows XP",
                "Windows 7",
                "Windows 8",
                "Windows Server 2003 R2",
                "Windows Server 2008 R2",
                "Windows Server 2012 R2",
                "Windows Vista",
                "Windows 8.1",
                "Windows 10"
            ]
        }
    ]
}