{
    "type": "bundle",
    "id": "bundle--be21442f-b282-4ae5-8707-34d7d34f453d",
    "spec_version": "2.0",
    "objects": [
        {
            "type": "attack-pattern",
            "id": "attack-pattern--45d84c8b-c1e2-474d-a14d-69b5de0a2bc0",
            "created_by_ref": "identity--c78cb6e5-0c4b-4611-8297-d1b8b55e40b5",
            "created": "2017-12-14T16:46:06.044Z",
            "modified": "2017-12-14T16:55:59.600Z",
            "name": "Source",
            "description": "The <code>source</code> command loads functions into the current shell or executes files in the current context. This built-in command can be run in two different ways <code>source /path/to/filename [arguments]</code> or <code>. /path/to/filename [arguments]</code>. Take note of the space after the \".\". Without a space, a new shell is created that runs the program instead of running the program within the current context. This is often used to make certain features or functions available to a shell or to update a specific shell's environment. \n\nAdversaries can abuse this functionality to execute programs. The file executed with this technique does not need to be marked executable beforehand.\n\nDetection: Monitor for command shell execution of source and subsequent processes that are started as a result of being executed by a source command. Adversaries must also drop a file to disk in order to execute it with source, and these files can also detected by file monitoring.\n\nPlatforms: Linux, MacOS, OS X\n\nData Sources: Process Monitoring, File monitoring, Process command-line parameters\n\nPermissions Required: User\n\nRemote Support: No",
            "kill_chain_phases": [
                {
                    "kill_chain_name": "mitre-attack",
                    "phase_name": "execution"
                }
            ],
            "external_references": [
                {
                    "source_name": "mitre-attack",
                    "url": "https://attack.mitre.org/wiki/Technique/T1153",
                    "external_id": "T1153"
                }
            ],
            "object_marking_refs": [
                "marking-definition--fa42a846-8d90-4e51-bc29-71d5b4802168"
            ],
            "x_mitre_data_sources": [
                "Process Monitoring",
                "File monitoring",
                "Process command-line parameters"
            ],
            "x_mitre_permissions_required": [
                "User"
            ],
            "x_mitre_platforms": [
                "Linux",
                "MacOS",
                "OS X"
            ],
            "x_mitre_remote_support": false
        }
    ]
}