{
    "type": "bundle",
    "id": "bundle--c7ae1332-50fc-44c3-9761-e0279c5c6e98",
    "spec_version": "2.0",
    "objects": [
        {
            "type": "attack-pattern",
            "id": "attack-pattern--10d51417-ee35-4589-b1ff-b6df1c334e8d",
            "created_by_ref": "identity--c78cb6e5-0c4b-4611-8297-d1b8b55e40b5",
            "created": "2017-05-31T21:31:44.421Z",
            "modified": "2017-12-14T16:55:59.600Z",
            "name": "External Remote Services",
            "description": "Remote services such as VPNs, Citrix, and other access mechanisms allow users to connect to internal enterprise network resources from external locations. There are often remote service gateways that manage connections and credential authentication for these services.\n\nAdversaries may use remote services to access and persist within a network. (Citation: Volexity Virtual Private Keylogging) Access to Valid Accounts to use the service is often a requirement, which could be obtained through credential pharming or by obtaining the credentials from users after compromising the enterprise network. Access to remote services may be used as part of Redundant Access during an operation.\n\nDetection: Follow best practices for detecting adversary use of Valid Accounts for authenticating to remote services. Collect authentication logs and analyze for unusual access patterns, windows of activity, and access outside of normal business hours.\n\nPlatforms: Windows Server 2003, Windows Server 2008, Windows Server 2012, Windows XP, Windows 7, Windows 8, Windows Server 2003 R2, Windows Server 2008 R2, Windows Server 2012 R2, Windows Vista, Windows 8.1, Windows 10\n\nData Sources: Authentication logs\n\nPermissions Required: User\n\nContributors: Daniel Oakley",
            "kill_chain_phases": [
                {
                    "kill_chain_name": "mitre-attack",
                    "phase_name": "persistence"
                }
            ],
            "external_references": [
                {
                    "source_name": "mitre-attack",
                    "url": "https://attack.mitre.org/wiki/Technique/T1133",
                    "external_id": "T1133"
                },
                {
                    "source_name": "Volexity Virtual Private Keylogging",
                    "description": "Adair, S. (2015, October 7). Virtual Private Keylogging: Cisco Web VPNs Leveraged for Access and Persistence. Retrieved March 20, 2017.",
                    "url": "https://www.volexity.com/blog/2015/10/07/virtual-private-keylogging-cisco-web-vpns-leveraged-for-access-and-persistence/"
                }
            ],
            "object_marking_refs": [
                "marking-definition--fa42a846-8d90-4e51-bc29-71d5b4802168"
            ],
            "x_mitre_contributors": [
                "Daniel Oakley"
            ],
            "x_mitre_data_sources": [
                "Authentication logs"
            ],
            "x_mitre_permissions_required": [
                "User"
            ],
            "x_mitre_platforms": [
                "Windows Server 2003",
                "Windows Server 2008",
                "Windows Server 2012",
                "Windows XP",
                "Windows 7",
                "Windows 8",
                "Windows Server 2003 R2",
                "Windows Server 2008 R2",
                "Windows Server 2012 R2",
                "Windows Vista",
                "Windows 8.1",
                "Windows 10"
            ]
        }
    ]
}