{
    "type": "bundle",
    "id": "bundle--f95b2593-d239-46ed-a6fe-c77931458a68",
    "spec_version": "2.0",
    "objects": [
        {
            "type": "attack-pattern",
            "id": "attack-pattern--68f7e3a1-f09f-4164-9a62-16b648a0dd5a",
            "created_by_ref": "identity--c78cb6e5-0c4b-4611-8297-d1b8b55e40b5",
            "created": "2017-05-31T21:31:26.966Z",
            "modified": "2017-12-14T16:55:59.600Z",
            "name": "Regsvr32",
            "description": "Regsvr32.exe is a command-line program used to register and unregister object linking and embedding controls, including dynamic link libraries (DLLs), on Windows systems. Regsvr32.exe can be used to execute arbitrary binaries. (Citation: Microsoft Regsvr32)\n\nAdversaries may take advantage of this functionality to proxy execution of code to avoid triggering security tools that may not monitor execution of, and modules loaded by, the regsvr32.exe process because of whitelists or false positives from Windows using regsvr32.exe for normal operations. Regsvr32.exe is also a Microsoft signed binary.\n\nRegsvr32.exe can also be used to specifically bypass process whitelisting using functionality to load COM scriptlets to execute DLLs under user permissions. Since regsvr32.exe is network and proxy aware, the scripts can be loaded by passing a uniform resource locator (URL) to file on an external Web server as an argument during invocation. This method makes no changes to the Registry as the COM object is not actually registered, only executed. (Citation: SubTee Regsvr32 Whitelisting Bypass) This variation of the technique has been used in campaigns targeting governments. (Citation: FireEye Regsvr32 Targeting Mongolian Gov)\n\nDetection: Use process monitoring to monitor the execution and arguments of regsvr32.exe. Compare recent invocations of regsvr32.exe with prior history of known good arguments and loaded files to determine anomalous and potentially adversarial activity. Command arguments used before and after the regsvr32.exe invocation may also be useful in determining the origin and purpose of the script or DLL being loaded.\n\nPlatforms: Windows Server 2003, Windows Server 2008, Windows Server 2012, Windows XP, Windows 7, Windows 8, Windows Server 2003 R2, Windows Server 2008 R2, Windows Server 2012 R2, Windows Vista, Windows 8.1, Windows 10\n\nData Sources: Loaded DLLs, Process monitoring, Process command-line parameters, Windows Registry\n\nDefense Bypassed: Process whitelisting, Anti-virus\n\nPermissions Required: User, Administrator\n\nRemote Support: No\n\nContributors: Casey Smith",
            "kill_chain_phases": [
                {
                    "kill_chain_name": "mitre-attack",
                    "phase_name": "defense-evasion"
                },
                {
                    "kill_chain_name": "mitre-attack",
                    "phase_name": "execution"
                }
            ],
            "external_references": [
                {
                    "source_name": "mitre-attack",
                    "url": "https://attack.mitre.org/wiki/Technique/T1117",
                    "external_id": "T1117"
                },
                {
                    "source_name": "Microsoft Regsvr32",
                    "description": "Microsoft. (2015, August 14). How to use the Regsvr32 tool and troubleshoot Regsvr32 error messages. Retrieved June 22, 2016.",
                    "url": "https://support.microsoft.com/en-us/kb/249873"
                },
                {
                    "source_name": "SubTee Regsvr32 Whitelisting Bypass",
                    "description": "[ Smith, C. (2016, April 19). Bypass Application Whitelisting Script Protections - Regsvr32.exe & COM Scriptlets (.sct files). Retrieved June 30, 2017."
                },
                {
                    "source_name": "FireEye Regsvr32 Targeting Mongolian Gov",
                    "description": "Anubhav, A., Kizhakkinan, D. (2017, February 22). Spear Phishing Techniques Used in Attacks Targeting the Mongolian Government. Retrieved February 24, 2017.",
                    "url": "https://www.fireeye.com/blog/threat-research/2017/02/spear%20phishing%20techn.html"
                }
            ],
            "object_marking_refs": [
                "marking-definition--fa42a846-8d90-4e51-bc29-71d5b4802168"
            ],
            "x_mitre_contributors": [
                "Casey Smith"
            ],
            "x_mitre_data_sources": [
                "Loaded DLLs",
                "Process monitoring",
                "Process command-line parameters",
                "Windows Registry"
            ],
            "x_mitre_defense_bypassed": [
                "Process whitelisting",
                "Anti-virus"
            ],
            "x_mitre_permissions_required": [
                "User",
                "Administrator"
            ],
            "x_mitre_platforms": [
                "Windows Server 2003",
                "Windows Server 2008",
                "Windows Server 2012",
                "Windows XP",
                "Windows 7",
                "Windows 8",
                "Windows Server 2003 R2",
                "Windows Server 2008 R2",
                "Windows Server 2012 R2",
                "Windows Vista",
                "Windows 8.1",
                "Windows 10"
            ],
            "x_mitre_remote_support": false
        }
    ]
}