{
    "type": "bundle",
    "id": "bundle--049a745a-266a-487c-a9ac-7ef16e51b22c",
    "spec_version": "2.0",
    "objects": [
        {
            "type": "attack-pattern",
            "id": "attack-pattern--6a3be63a-64c5-4678-a036-03ff8fc35300",
            "created_by_ref": "identity--c78cb6e5-0c4b-4611-8297-d1b8b55e40b5",
            "created": "2017-12-14T16:46:06.044Z",
            "modified": "2017-12-14T16:55:59.600Z",
            "name": "Re-opened Applications",
            "description": "Starting in Mac OS X 10.7 (Lion), users can specify certain applications to be re-opened when a user reboots their machine. While this is usually done via a Graphical User Interface (GUI) on an app-by-app basis, there are property list files (plist) that contain this information as well located at <code>~/Library/Preferences/com.apple.loginwindow.plist</code> and <code>~/Library/Preferences/ByHost/com.apple.loginwindow.*.plist</code>. \n\nAn adversary can modify one of these files directly to include a link to their malicious executable to provide a persistence mechanism each time the user reboots their machine (Citation: Methods of Mac Malware Persistence).\n\nDetection: Monitoring the specific plist files associated with reopening applications can indicate when an application has registered itself to be reopened.\n\nPlatforms: MacOS, OS X\n\nPermissions Required: User",
            "kill_chain_phases": [
                {
                    "kill_chain_name": "mitre-attack",
                    "phase_name": "persistence"
                }
            ],
            "external_references": [
                {
                    "source_name": "mitre-attack",
                    "url": "https://attack.mitre.org/wiki/Technique/T1164",
                    "external_id": "T1164"
                },
                {
                    "source_name": "Methods of Mac Malware Persistence",
                    "description": "Patrick Wardle. (2014, September). Methods of Malware Persistence on Mac OS X. Retrieved July 5, 2017.",
                    "url": "https://www.virusbulletin.com/uploads/pdf/conference/vb2014/VB2014-Wardle.pdf"
                }
            ],
            "object_marking_refs": [
                "marking-definition--fa42a846-8d90-4e51-bc29-71d5b4802168"
            ],
            "x_mitre_permissions_required": [
                "User"
            ],
            "x_mitre_platforms": [
                "MacOS",
                "OS X"
            ]
        }
    ]
}