{
    "type": "bundle",
    "id": "bundle--04bdf49a-f253-40c0-8417-f6f079819396",
    "spec_version": "2.0",
    "objects": [
        {
            "type": "attack-pattern",
            "id": "attack-pattern--01a5a209-b94c-450b-b7f9-946497d91055",
            "created_by_ref": "identity--c78cb6e5-0c4b-4611-8297-d1b8b55e40b5",
            "created": "2017-05-31T21:30:44.329Z",
            "modified": "2017-12-14T16:55:59.600Z",
            "name": "Windows Management Instrumentation",
            "description": "Windows Management Instrumentation (WMI) is a Windows administration feature that provides a uniform environment for local and remote access to Windows system components. It relies on the WMI service for local and remote access and the server message block (SMB) (Citation: Wikipedia SMB) and Remote Procedure Call Service (RPCS) (Citation: TechNet RPC) for remote access. RPCS operates over port 135. (Citation: MSDN WMI)\n\nAn adversary can use WMI to interact with local and remote systems and use it as a means to perform many tactic functions, such as gathering information for Discovery and remote Execution of files as part of Lateral Movement. (Citation: FireEye WMI 2015)\n\nDetection: Monitor network traffic for WMI connections; the use of WMI in environments that do not typically use WMI may be suspect. Perform process monitoring to capture command-line arguments of \"wmic\" and detect commands that are used to perform remote behavior. (Citation: FireEye WMI 2015)\n\nPlatforms: Windows Server 2003, Windows Server 2008, Windows Server 2012, Windows XP, Windows 7, Windows 8, Windows Server 2003 R2, Windows Server 2008 R2, Windows Server 2012 R2, Windows Vista, Windows 8.1, Windows 10\n\nData Sources: Authentication logs, Netflow/Enclave netflow, Process command-line parameters, Process monitoring\n\nPermissions Required: User, Administrator\n\nSystem Requirements: WMI service, winmgmt, running.\nHost/network firewalls allowing SMB and WMI ports from source to destination.\nSMB authentication.\n\nRemote Support: Yes",
            "kill_chain_phases": [
                {
                    "kill_chain_name": "mitre-attack",
                    "phase_name": "execution"
                }
            ],
            "external_references": [
                {
                    "source_name": "mitre-attack",
                    "url": "https://attack.mitre.org/wiki/Technique/T1047",
                    "external_id": "T1047"
                },
                {
                    "source_name": "Wikipedia SMB",
                    "description": "Wikipedia. (2016, June 12). Server Message Block. Retrieved June 12, 2016.",
                    "url": "https://en.wikipedia.org/wiki/Server%20Message%20Block"
                },
                {
                    "source_name": "TechNet RPC",
                    "description": "Microsoft. (2003, March 28). What Is RPC?. Retrieved June 12, 2016.",
                    "url": "https://technet.microsoft.com/en-us/library/cc787851.aspx"
                },
                {
                    "source_name": "MSDN WMI",
                    "description": "Microsoft. (n.d.). Windows Management Instrumentation. Retrieved April 27, 2016.",
                    "url": "https://msdn.microsoft.com/en-us/library/aa394582.aspx"
                },
                {
                    "source_name": "FireEye WMI 2015",
                    "description": "Ballenthin, W., et al. (2015). Windows Management Instrumentation (WMI) Offense, Defense, and Forensics. Retrieved March 30, 2016.",
                    "url": "https://www.fireeye.com/content/dam/fireeye-www/global/en/current-threats/pdfs/wp-windows-management-instrumentation.pdf"
                }
            ],
            "object_marking_refs": [
                "marking-definition--fa42a846-8d90-4e51-bc29-71d5b4802168"
            ],
            "x_mitre_data_sources": [
                "Authentication logs",
                "Netflow/Enclave netflow",
                "Process command-line parameters",
                "Process monitoring"
            ],
            "x_mitre_permissions_required": [
                "User",
                "Administrator"
            ],
            "x_mitre_platforms": [
                "Windows Server 2003",
                "Windows Server 2008",
                "Windows Server 2012",
                "Windows XP",
                "Windows 7",
                "Windows 8",
                "Windows Server 2003 R2",
                "Windows Server 2008 R2",
                "Windows Server 2012 R2",
                "Windows Vista",
                "Windows 8.1",
                "Windows 10"
            ],
            "x_mitre_remote_support": true,
            "x_mitre_system_requirements": [
                "WMI service, winmgmt, running.\nHost/network firewalls allowing SMB and WMI ports from source to destination.\nSMB authentication."
            ]
        }
    ]
}