{
    "type": "bundle",
    "id": "bundle--ec92f96b-d358-4760-b0fb-5a17b193a47d",
    "spec_version": "2.0",
    "objects": [
        {
            "type": "attack-pattern",
            "id": "attack-pattern--731f4f55-b6d0-41d1-a7a9-072a66389aea",
            "created_by_ref": "identity--c78cb6e5-0c4b-4611-8297-d1b8b55e40b5",
            "created": "2017-05-31T21:31:08.479Z",
            "modified": "2017-12-14T16:55:59.600Z",
            "name": "Connection Proxy",
            "description": "A connection proxy is used to direct network traffic between systems or act as an intermediary for network communications. Many tools exist that enable traffic redirection through proxies or port redirection, including HTRAN, ZXProxy, and ZXPortMap. (Citation: Trend Micro APT Attack Tools)\n\nThe definition of a proxy can also be expanded out to encompass trust relationships between networks in peer-to-peer, mesh, or trusted connections between networks consisting of hosts or systems that regularly communicate with each other.\n\nThe network may be within a single organization or across organizations with trust relationships. Adversaries could use these types of relationships to manage command and control communications, to reduce the number of simultaneous outbound network connections, to provide resiliency in the face of connection loss, or to ride over existing trusted communications paths between victims to avoid suspicion.\n\nDetection: Processes utilizing the network that do not normally have network communication or have never been seen before are suspicious. Network activities disassociated from user-driven actions from processes that normally require user direction are suspicious.\n\nAnalyze network data for uncommon data flows (e.g., a client sending significantly more data than it receives from a server or between clients that should not or often do not communicate with one another). Processes utilizing the network that do not normally have network communication or have never been seen before are suspicious. Analyze packet contents to detect communications that do not follow the expected protocol behavior for the port that is being used. (Citation: University of Birmingham C2)\n\nPlatforms: Windows Server 2003, Windows Server 2008, Windows Server 2012, Windows XP, Windows 7, Windows 8, Windows Server 2003 R2, Windows Server 2008 R2, Windows Server 2012 R2, Windows Vista, Windows 8.1, Linux, Windows 10, MacOS, OS X\n\nData Sources: Process use of network, Process monitoring, Netflow/Enclave netflow, Packet capture\n\nRequires Network: Yes\n\nContributors: Walker Johnson",
            "kill_chain_phases": [
                {
                    "kill_chain_name": "mitre-attack",
                    "phase_name": "command-and-control"
                }
            ],
            "external_references": [
                {
                    "source_name": "mitre-attack",
                    "url": "https://attack.mitre.org/wiki/Technique/T1090",
                    "external_id": "T1090"
                },
                {
                    "source_name": "Trend Micro APT Attack Tools",
                    "description": "Wilhoit, K. (2013, March 4). In-Depth Look: APT Attack Tools of the Trade. Retrieved December 2, 2015.",
                    "url": "http://blog.trendmicro.com/trendlabs-security-intelligence/in-depth-look-apt-attack-tools-of-the-trade/"
                },
                {
                    "source_name": "University of Birmingham C2",
                    "description": "Gardiner, J.,  Cova, M., Nagaraja, S. (2014, February). Command & Control Understanding, Denying and Detecting. Retrieved April 20, 2016.",
                    "url": "https://arxiv.org/ftp/arxiv/papers/1408/1408.1136.pdf"
                }
            ],
            "object_marking_refs": [
                "marking-definition--fa42a846-8d90-4e51-bc29-71d5b4802168"
            ],
            "x_mitre_contributors": [
                "Walker Johnson"
            ],
            "x_mitre_data_sources": [
                "Process use of network",
                "Process monitoring",
                "Netflow/Enclave netflow",
                "Packet capture"
            ],
            "x_mitre_network_requirements": true,
            "x_mitre_platforms": [
                "Windows Server 2003",
                "Windows Server 2008",
                "Windows Server 2012",
                "Windows XP",
                "Windows 7",
                "Windows 8",
                "Windows Server 2003 R2",
                "Windows Server 2008 R2",
                "Windows Server 2012 R2",
                "Windows Vista",
                "Windows 8.1",
                "Linux",
                "Windows 10",
                "MacOS",
                "OS X"
            ]
        }
    ]
}