{
    "type": "bundle",
    "id": "bundle--a0429a84-6255-4860-b3ca-78d667d9e4ad",
    "spec_version": "2.0",
    "objects": [
        {
            "type": "attack-pattern",
            "id": "attack-pattern--30973a08-aed9-4edf-8604-9084ce1b5c4f",
            "created_by_ref": "identity--c78cb6e5-0c4b-4611-8297-d1b8b55e40b5",
            "created": "2017-05-31T21:31:25.967Z",
            "modified": "2017-12-14T16:55:59.600Z",
            "name": "Clipboard Data",
            "description": "Adversaries may collect data stored in the Windows clipboard from users copying information within or between applications. \n\n===Windows===\n\nApplications can access clipboard data by using the Windows API. (Citation: MSDN Clipboard) \n\n===Mac===\n\nOSX provides a native command, <code>pbpaste</code>, to grab clipboard contents  (Citation: Operating with EmPyre).\n\nDetection: Access to the clipboard is a legitimate function of many applications on a Windows system. If an organization chooses to monitor for this behavior, then the data will likely need to be correlated against other suspicious or non-user-driven activity.\n\nPlatforms: Windows Server 2003, Windows Server 2008, Windows Server 2012, Windows XP, Windows 7, Windows 8, Windows Server 2003 R2, Windows Server 2008 R2, Windows Server 2012 R2, Windows Vista, Windows 8.1, Linux, Windows 10, MacOS, OS X\n\nData Sources: API monitoring",
            "kill_chain_phases": [
                {
                    "kill_chain_name": "mitre-attack",
                    "phase_name": "collection"
                }
            ],
            "external_references": [
                {
                    "source_name": "mitre-attack",
                    "url": "https://attack.mitre.org/wiki/Technique/T1115",
                    "external_id": "T1115"
                },
                {
                    "source_name": "MSDN Clipboard",
                    "description": "Microsoft. (n.d.). About the Clipboard. Retrieved March 29, 2016.",
                    "url": "https://msdn.microsoft.com/en-us/library/ms649012"
                },
                {
                    "source_name": "Operating with EmPyre",
                    "description": "rvrsh3ll. (2016, May 18). Operating with EmPyre. Retrieved July 12, 2017.",
                    "url": "http://www.rvrsh3ll.net/blog/empyre/operating-with-empyre/"
                }
            ],
            "object_marking_refs": [
                "marking-definition--fa42a846-8d90-4e51-bc29-71d5b4802168"
            ],
            "x_mitre_data_sources": [
                "API monitoring"
            ],
            "x_mitre_platforms": [
                "Windows Server 2003",
                "Windows Server 2008",
                "Windows Server 2012",
                "Windows XP",
                "Windows 7",
                "Windows 8",
                "Windows Server 2003 R2",
                "Windows Server 2008 R2",
                "Windows Server 2012 R2",
                "Windows Vista",
                "Windows 8.1",
                "Linux",
                "Windows 10",
                "MacOS",
                "OS X"
            ]
        }
    ]
}