{
    "type": "bundle",
    "id": "bundle--56c87914-b757-45aa-b677-a430b33919f6",
    "spec_version": "2.0",
    "objects": [
        {
            "type": "attack-pattern",
            "id": "attack-pattern--1f47e2fd-fa77-4f2f-88ee-e85df308f125",
            "created_by_ref": "identity--c78cb6e5-0c4b-4611-8297-d1b8b55e40b5",
            "created": "2017-05-31T21:30:26.057Z",
            "modified": "2017-12-14T16:55:59.600Z",
            "name": "Local Port Monitor",
            "description": "A port monitor can be set through the  (Citation: AddMonitor) API call to set a DLL to be loaded at startup. (Citation: AddMonitor) This DLL can be located in <code>C:\\Windows\\System32</code> and will be loaded by the print spooler service, spoolsv.exe, on boot. (Citation: Bloxham) Alternatively, an arbitrary DLL can be loaded if permissions allow writing a fully-qualified pathname for that DLL to <code>HKLM\\SYSTEM\\CurrentControlSet\\Control\\Print\\Monitors</code>. (Citation: Bloxham) The spoolsv.exe process also runs under SYSTEM level permissions.\n\nAdversaries can use this technique to load malicious code at startup that will persist on system reboot and execute as SYSTEM.\n\nDetection: * Monitor process API calls to  (Citation: AddMonitor).\n* Monitor DLLs that are loaded by spoolsv.exe for DLLs that are abnormal.\n* New DLLs written to the System32 directory that do not correlate with known good software or patching may be suspicious.\n* Monitor registry writes to <code>HKLM\\SYSTEM\\CurrentControlSet\\Control\\Print\\Monitors</code>.\n* Run the Autoruns utility, which checks for this Registry key as a persistence mechanism (Citation: TechNet Autoruns)\n\nPlatforms: Windows Server 2003, Windows Server 2008, Windows Server 2012, Windows XP, Windows 7, Windows 8, Windows Server 2003 R2, Windows Server 2008 R2, Windows Server 2012 R2, Windows Vista, Windows 8.1, Windows 10\n\nData Sources: File monitoring, API monitoring, DLL monitoring, Windows Registry, Process monitoring\n\nEffective Permissions: SYSTEM\n\nPermissions Required: Administrator, SYSTEM\n\nContributors: Stefan Kanthak",
            "kill_chain_phases": [
                {
                    "kill_chain_name": "mitre-attack",
                    "phase_name": "persistence"
                },
                {
                    "kill_chain_name": "mitre-attack",
                    "phase_name": "privilege-escalation"
                }
            ],
            "external_references": [
                {
                    "source_name": "mitre-attack",
                    "url": "https://attack.mitre.org/wiki/Technique/T1013",
                    "external_id": "T1013"
                },
                {
                    "source_name": "AddMonitor",
                    "description": "Microsoft. (n.d.). AddMonitor function. Retrieved November 12, 2014.",
                    "url": "http://msdn.microsoft.com/en-us/library/dd183341"
                },
                {
                    "source_name": "Bloxham",
                    "description": "Bloxham, B. (n.d.). Getting Windows to Play with Itself &#91;PowerPoint slides&#93;. Retrieved November 12, 2014.",
                    "url": "https://www.defcon.org/images/defcon-22/dc-22-presentations/Bloxham/DEFCON-22-Brady-Bloxham-Windows-API-Abuse-UPDATED.pdf"
                },
                {
                    "source_name": "TechNet Autoruns",
                    "description": "Russinovich, M. (2016, January 4). Autoruns for Windows v13.51. Retrieved June 6, 2016.",
                    "url": "https://technet.microsoft.com/en-us/sysinternals/bb963902"
                }
            ],
            "object_marking_refs": [
                "marking-definition--fa42a846-8d90-4e51-bc29-71d5b4802168"
            ],
            "x_mitre_contributors": [
                "Stefan Kanthak"
            ],
            "x_mitre_data_sources": [
                "File monitoring",
                "API monitoring",
                "DLL monitoring",
                "Windows Registry",
                "Process monitoring"
            ],
            "x_mitre_effective_permissions": [
                "SYSTEM"
            ],
            "x_mitre_permissions_required": [
                "Administrator",
                "SYSTEM"
            ],
            "x_mitre_platforms": [
                "Windows Server 2003",
                "Windows Server 2008",
                "Windows Server 2012",
                "Windows XP",
                "Windows 7",
                "Windows 8",
                "Windows Server 2003 R2",
                "Windows Server 2008 R2",
                "Windows Server 2012 R2",
                "Windows Vista",
                "Windows 8.1",
                "Windows 10"
            ]
        }
    ]
}