{
    "type": "bundle",
    "id": "bundle--71be2de5-2147-4c3c-96f9-812e212e617f",
    "spec_version": "2.0",
    "objects": [
        {
            "type": "attack-pattern",
            "id": "attack-pattern--42e8de7b-37b2-4258-905a-6897815e58e0",
            "created_by_ref": "identity--c78cb6e5-0c4b-4611-8297-d1b8b55e40b5",
            "created": "2017-05-31T21:30:38.511Z",
            "modified": "2017-12-14T16:55:59.600Z",
            "name": "Masquerading",
            "description": "Masquerading occurs when an executable, legitimate or malicious, is placed in a commonly trusted location (such as C:\\Windows\\System32) or named with a common name (such as \"explorer.exe\" or \"svchost.exe\") to bypass tools that trust executables by relying on file name or path. An adversary may even use a renamed copy of a legitimate utility, such as rundll32.exe. (Citation: Endgame Masquerade Ball) Masquerading also may be done to deceive defenders and system administrators into thinking a file is benign by associating the name with something that is thought to be legitimate.\n\nDetection: Collect file hashes; file names that do not match their expected hash are suspect. Perform file monitoring; files with known names but in unusual locations are suspect. Likewise, files that are modified outside of an update or patch are suspect.\n\nIf file names are mismatched between the binary name on disk and the binary's resource section, this is a likely indicator that a binary was renamed after it was compiled. Collecting and comparing disk and resource filenames for binaries could provide useful leads, but may not always be indicative of malicious activity. (Citation: Endgame Masquerade Ball)\n\nPlatforms: Windows Server 2003, Windows Server 2008, Windows Server 2012, Windows XP, Windows 7, Windows 8, Windows Server 2003 R2, Windows Server 2008 R2, Windows Server 2012 R2, Windows Vista, Windows 8.1, Linux, Windows 10, MacOS, OS X\n\nData Sources: File monitoring, Process monitoring, Binary file metadata\n\nDefense Bypassed: Whitelisting by file name or path\n\nContributors: ENDGAME",
            "kill_chain_phases": [
                {
                    "kill_chain_name": "mitre-attack",
                    "phase_name": "defense-evasion"
                }
            ],
            "external_references": [
                {
                    "source_name": "mitre-attack",
                    "url": "https://attack.mitre.org/wiki/Technique/T1036",
                    "external_id": "T1036"
                },
                {
                    "source_name": "Endgame Masquerade Ball",
                    "description": "Ewing, P. (2016, October 31). How to Hunt: The Masquerade Ball. Retrieved October 31, 2016.",
                    "url": "https://www.endgame.com/blog/how-hunt-masquerade-ball"
                }
            ],
            "object_marking_refs": [
                "marking-definition--fa42a846-8d90-4e51-bc29-71d5b4802168"
            ],
            "x_mitre_contributors": [
                "ENDGAME"
            ],
            "x_mitre_data_sources": [
                "File monitoring",
                "Process monitoring",
                "Binary file metadata"
            ],
            "x_mitre_defense_bypassed": [
                "Whitelisting by file name or path"
            ],
            "x_mitre_platforms": [
                "Windows Server 2003",
                "Windows Server 2008",
                "Windows Server 2012",
                "Windows XP",
                "Windows 7",
                "Windows 8",
                "Windows Server 2003 R2",
                "Windows Server 2008 R2",
                "Windows Server 2012 R2",
                "Windows Vista",
                "Windows 8.1",
                "Linux",
                "Windows 10",
                "MacOS",
                "OS X"
            ]
        }
    ]
}