{
    "type": "bundle",
    "id": "bundle--79c2031d-2764-4988-8758-55b8252eed5d",
    "spec_version": "2.0",
    "objects": [
        {
            "type": "attack-pattern",
            "id": "attack-pattern--56ff457d-5e39-492b-974c-dfd2b8603ffe",
            "created_by_ref": "identity--c78cb6e5-0c4b-4611-8297-d1b8b55e40b5",
            "created": "2017-12-14T16:46:06.044Z",
            "modified": "2017-12-14T16:55:59.600Z",
            "name": "Private Keys",
            "description": "Private cryptographic keys and certificates are used for authentication, encryption/decryption, and digital signatures. (Citation: Wikipedia Public Key Crypto)\n\nAdversaries may gather private keys from compromised systems for use in authenticating to Remote Services like SSH or for use in decrypting other collected files such as email. Common key and certificate file extensions include: .key, .pgp, .gpg, .ppk., .p12, .pem, pfx, .cer, .p7b, .asc. Adversaries may also look in common key directories, such as <code>~/.ssh</code> for SSH keys on *nix-based systems or <code>C:\\Users\\(username)\\.ssh\\</code> on Windows.\n\nPrivate keys should require a password or passphrase for operation, so an adversary may also use Input Capture for keylogging or attempt to Brute Force the passphrase off-line.\n\nAdversary tools have been discovered that search compromised systems for file extensions relating to cryptographic keys and certificates. (Citation: Kaspersky Careto) (Citation: Palo Alto Prince of Persia)\n\nDetection: Monitor access to files and directories related to cryptographic keys and certificates as a means for potentially detecting access patterns that may indicate collection and exfiltration activity. Collect authentication logs and look for potentially abnormal activity that may indicate improper use of keys or certificates for remote authentication.\n\nPlatforms: Linux, MacOS, OS X, Windows 10, Windows 7, Windows 8, Windows 8.1, Windows Server 2003, Windows Server 2003 R2, Windows Server 2008, Windows Server 2008 R2, Windows Server 2012, Windows Server 2012 R2, Windows Vista, Windows XP\n\nData Sources: File monitoring\n\nPermissions Required: User\n\nContributors: Itzik Kotler, SafeBreach",
            "kill_chain_phases": [
                {
                    "kill_chain_name": "mitre-attack",
                    "phase_name": "credential-access"
                }
            ],
            "external_references": [
                {
                    "source_name": "mitre-attack",
                    "url": "https://attack.mitre.org/wiki/Technique/T1145",
                    "external_id": "T1145"
                },
                {
                    "source_name": "Wikipedia Public Key Crypto",
                    "description": "Wikipedia. (2017, June 29). Public-key cryptography. Retrieved July 5, 2017.",
                    "url": "https://en.wikipedia.org/wiki/Public-key%20cryptography"
                },
                {
                    "source_name": "Kaspersky Careto",
                    "description": "Kaspersky Labs. (2014, February 11). Unveiling \u201cCareto\u201d - The Masked APT. Retrieved July 5, 2017.",
                    "url": "https://kasperskycontenthub.com/wp-content/uploads/sites/43/vlpdfs/unveilingthemask%20v1.0.pdf"
                },
                {
                    "source_name": "Palo Alto Prince of Persia",
                    "description": "Bar, T., Conant, S., Efraim, L. (2016, June 28). Prince of Persia \u2013 Game Over. Retrieved July 5, 2017.",
                    "url": "https://researchcenter.paloaltonetworks.com/2016/06/unit42-prince-of-persia-game-over/"
                }
            ],
            "object_marking_refs": [
                "marking-definition--fa42a846-8d90-4e51-bc29-71d5b4802168"
            ],
            "x_mitre_contributors": [
                "Itzik Kotler, SafeBreach"
            ],
            "x_mitre_data_sources": [
                "File monitoring"
            ],
            "x_mitre_permissions_required": [
                "User"
            ],
            "x_mitre_platforms": [
                "Linux",
                "MacOS",
                "OS X",
                "Windows 10",
                "Windows 7",
                "Windows 8",
                "Windows 8.1",
                "Windows Server 2003",
                "Windows Server 2003 R2",
                "Windows Server 2008",
                "Windows Server 2008 R2",
                "Windows Server 2012",
                "Windows Server 2012 R2",
                "Windows Vista",
                "Windows XP"
            ]
        }
    ]
}