{
    "type": "bundle",
    "id": "bundle--b2098185-3972-4f4a-9ef9-8fe53a0c898c",
    "spec_version": "2.0",
    "objects": [
        {
            "type": "attack-pattern",
            "id": "attack-pattern--514ede4c-78b3-4d78-a38b-daddf6217a79",
            "created_by_ref": "identity--c78cb6e5-0c4b-4611-8297-d1b8b55e40b5",
            "created": "2017-05-31T21:30:20.148Z",
            "modified": "2017-12-14T16:55:59.600Z",
            "name": "Winlogon Helper DLL",
            "description": "Winlogon is a part of some Windows versions that performs actions at logon. In Windows systems prior to Windows Vista, a Registry key can be modified that causes Winlogon to load a DLL on startup. Adversaries may take advantage of this feature to load adversarial code at startup for persistence.\n\nDetection: Monitor for changes to registry entries in <code>HKLM\\Software\\Microsoft\\Windows NT\\CurrentVersion\\Winlogon\\Notify</code> that do not correlate with known software, patch cycles, etc. Tools such as Sysinternals Autoruns may also be used to detect system changes that could be attempts at persistence, including listing current Winlogon helper values. (Citation: TechNet Autoruns)  New DLLs written to System32 that do not correlate with known good software or patching may also be suspicious.\n\nLook for abnormal process behavior that may be due to a process loading a malicious DLL. Data and events should not be viewed in isolation, but as part of a chain of behavior that could lead to other activities, such as network connections made for Command and Control, learning details about the environment through Discovery, and Lateral Movement.\n\nPlatforms: Windows Server 2003, Windows XP, Windows Server 2003 R2\n\nData Sources: Windows Registry, File monitoring, Process monitoring\n\nPermissions Required: Administrator, SYSTEM",
            "kill_chain_phases": [
                {
                    "kill_chain_name": "mitre-attack",
                    "phase_name": "persistence"
                }
            ],
            "external_references": [
                {
                    "source_name": "mitre-attack",
                    "url": "https://attack.mitre.org/wiki/Technique/T1004",
                    "external_id": "T1004"
                },
                {
                    "source_name": "TechNet Autoruns",
                    "description": "Russinovich, M. (2016, January 4). Autoruns for Windows v13.51. Retrieved June 6, 2016.",
                    "url": "https://technet.microsoft.com/en-us/sysinternals/bb963902"
                }
            ],
            "object_marking_refs": [
                "marking-definition--fa42a846-8d90-4e51-bc29-71d5b4802168"
            ],
            "x_mitre_data_sources": [
                "Windows Registry",
                "File monitoring",
                "Process monitoring"
            ],
            "x_mitre_permissions_required": [
                "Administrator",
                "SYSTEM"
            ],
            "x_mitre_platforms": [
                "Windows Server 2003",
                "Windows XP",
                "Windows Server 2003 R2"
            ]
        }
    ]
}